court_name,city,province,high_court,url_slug,sipp_url,http_status,connectivity,access_category,notes
Pengadilan Negeri Banda Aceh,Banda Aceh,Aceh,PT Banda Aceh,bandaaceh,https://sipp.pn-bandaaceh.go.id,200,ACCESSIBLE,ACTIVE,
Pengadilan Negeri Lhokseumawe,Lhokseumawe,Aceh,PT Banda Aceh,lhokseumawe,https://sipp.pn-lhokseumawe.go.id,403,FORBIDDEN,ACTIVE_RESTRICTED,
Pengadilan Negeri Bireuen,Bireuen,Aceh,PT Banda Aceh,bireuen,https://sipp.pn-bireuen.go.id,500,SERVER_ERROR,SERVER_ERROR,
Pengadilan Negeri Langsa,Langsa,Aceh,PT Banda Aceh,langsa,https://sipp.pn-langsa.go.id,200,ACCESSIBLE,ACTIVE,
Pengadilan Negeri Sigli,Sigli,Aceh,PT Banda Aceh,sigli,https://sipp.pn-sigli.go.id,200,ACCESSIBLE,ACTIVE,
Pengadilan Negeri Sabang,Sabang,Aceh,PT Banda Aceh,sabang,https://sipp.pn-sabang.go.id,200,ACCESSIBLE,ACTIVE,
Pengadilan Negeri Calang,Calang,Aceh,PT Banda Aceh,calang,https://sipp.pn-calang.go.id,200,ACCESSIBLE,ACTIVE,
Pengadilan Negeri Meulaboh,Meulaboh,Aceh,PT Banda Aceh,meulaboh,https://sipp.pn-meulaboh.go.id,200,ACCESSIBLE,ACTIVE,
Pengadilan Negeri Sinabang,Sinabang,Aceh,PT Banda Aceh,sinabang,https://sipp.pn-sinabang.go.id,200,ACCESSIBLE,ACTIVE,
Pengadilan Negeri Tapaktuan,Tapaktuan,Aceh,PT Banda Aceh,tapaktuan,https://sipp.pn-tapaktuan.go.id,200,ACCESSIBLE,ACTIVE,
Pengadilan Negeri Singkil,Singkil,Aceh,PT Banda Aceh,singkil,https://sipp.pn-singkil.go.id,0,TIMEOUT,INACCESSIBLE,
Pengadilan Negeri Lhoksukon,Lhoksukon,Aceh,PT Banda Aceh,lhoksukon,https://sipp.pn-lhoksukon.go.id,200,ACCESSIBLE,ACTIVE,
Pengadilan Negeri Idi,Idi,Aceh,PT Banda Aceh,idi,https://sipp.pn-idi.go.id,200,ACCESSIBLE,ACTIVE,
Pengadilan Negeri Kuala Simpang,Karang Baru,Aceh,PT Banda Aceh,kualasimpang,https://sipp.pn-kualasimpang.go.id,200,ACCESSIBLE,ACTIVE,
Pengadilan Negeri Takengon,Takengon,Aceh,PT Banda Aceh,takengon,https://sipp.pn-takengon.go.id,200,ACCESSIBLE,ACTIVE,
Pengadilan Negeri Kutacane,Kutacane,Aceh,PT Banda Aceh,kutacane,https://sipp.pn-kutacane.go.id,200,ACCESSIBLE,ACTIVE,
Pengadilan Negeri Blangkejeren,Blangkejeren,Aceh,PT Banda Aceh,blangkejeren,https://sipp.pn-blangkejeren.go.id,500,SERVER_ERROR,SERVER_ERROR,
Pengadilan Negeri Jantho,Jantho,Aceh,PT Banda Aceh,jantho,https://sipp.pn-jantho.go.id,200,ACCESSIBLE,ACTIVE,
Pengadilan Negeri Medan,Medan,Sumatera Utara,PT Medan,medan,https://sipp.pn-medan.go.id,0,CONNECTION_REFUSED,INACCESSIBLE,Cannot connect to host sipp.pn-medan.go.id:443 ssl:False [Name or service not known]
Pengadilan Negeri Pematangsiantar,Pematangsiantar,Sumatera Utara,PT Medan,pematangsiantar,https://sipp.pn-pematangsiantar.go.id,0,CONNECTION_REFUSED,INACCESSIBLE,Cannot connect to host sipp.pn-pematangsiantar.go.id:443 ssl:False [Name or service not known]
Pengadilan Negeri Binjai,Binjai,Sumatera Utara,PT Medan,binjai,https://sipp.pn-binjai.go.id,200,ACCESSIBLE,ACTIVE,
Pengadilan Negeri Lubuk Pakam,Lubuk Pakam,Sumatera Utara,PT Medan,lubukpakam,https://sipp.pn-lubukpakam.go.id,200,REDIRECT_NONSTANDARD,NON_STANDARD_DOMAIN,Redirected to: https://www.sipp.pn-lubukpakam.go.id/
Pengadilan Negeri Padangsidimpuan,Padangsidimpuan,Sumatera Utara,PT Medan,padangsidimpuan,https://sipp.pn-padangsidimpuan.go.id,200,ACCESSIBLE,ACTIVE,
Pengadilan Negeri Tarutung,Tarutung,Sumatera Utara,PT Medan,tarutung,https://sipp.pn-tarutung.go.id,200,ACCESSIBLE,ACTIVE,
Pengadilan Negeri Kabanjahe,Kabanjahe,Sumatera Utara,PT Medan,kabanjahe,https://sipp.pn-kabanjahe.go.id,200,ACCESSIBLE,ACTIVE,
Pengadilan Negeri Tanjung Balai Asahan,Tanjung Balai,Sumatera Utara,PT Medan,tanjungbalai,https://sipp.pn-tanjungbalai.go.id,403,FORBIDDEN,ACTIVE_RESTRICTED,
Pengadilan Negeri Sibolga,Sibolga,Sumatera Utara,PT Medan,sibolga,https://sipp.pn-sibolga.go.id,200,ACCESSIBLE,ACTIVE,
Pengadilan Negeri Tebing Tinggi,Tebing Tinggi,Sumatera Utara,PT Medan,tebingtinggi,https://sipp.pn-tebingtinggi.go.id,200,ACCESSIBLE,ACTIVE,
Pengadilan Negeri Kisaran,Kisaran,Sumatera Utara,PT Medan,kisaran,https://sipp.pn-kisaran.go.id,200,ACCESSIBLE,ACTIVE,
Pengadilan Negeri Gunungsitoli,Gunungsitoli,Sumatera Utara,PT Medan,gunungsitoli,https://sipp.pn-gunungsitoli.go.id,200,ACCESSIBLE,ACTIVE,
Pengadilan Negeri Rantau Prapat,Rantau Prapat,Sumatera Utara,PT Medan,rantauprapat,https://sipp.pn-rantauprapat.go.id,200,ACCESSIBLE,ACTIVE,
Pengadilan Negeri Sidikalang,Sidikalang,Sumatera Utara,PT Medan,sidikalang,https://sipp.pn-sidikalang.go.id,404,NOT_FOUND,INACCESSIBLE,
Pengadilan Negeri Stabat,Stabat,Sumatera Utara,PT Medan,stabat,https://sipp.pn-stabat.go.id,200,ACCESSIBLE,ACTIVE,
Pengadilan Negeri Simalungun,Simalungun,Sumatera Utara,PT Medan,simalungun,https://sipp.pn-simalungun.go.id,403,FORBIDDEN,ACTIVE_RESTRICTED,
Pengadilan Negeri Mandailing Natal,Penyabungan,Sumatera Utara,PT Medan,mandailingnatal,https://sipp.pn-mandailingnatal.go.id,200,ACCESSIBLE,ACTIVE,
Pengadilan Negeri Balige,Balige,Sumatera Utara,PT Medan,balige,https://sipp.pn-balige.go.id,200,ACCESSIBLE,ACTIVE,
Pengadilan Negeri Padang,Padang,Sumatera Barat,PT Padang,padang,https://sipp.pn-padang.go.id,200,ACCESSIBLE,ACTIVE,
Pengadilan Negeri Bukittinggi,Bukittinggi,Sumatera Barat,PT Padang,bukittinggi,https://sipp.pn-bukittinggi.go.id,200,ACCESSIBLE,ACTIVE,
Pengadilan Negeri Sawahlunto,Sawahlunto,Sumatera Barat,PT Padang,sawahlunto,https://sipp.pn-sawahlunto.go.id,200,ACCESSIBLE,ACTIVE,
Pengadilan Negeri Payakumbuh,Payakumbuh,Sumatera Barat,PT Padang,payakumbuh,https://sipp.pn-payakumbuh.go.id,403,FORBIDDEN,ACTIVE_RESTRICTED,
Pengadilan Negeri Lubuk Sikaping,Lubuk Sikaping,Sumatera Barat,PT Padang,lubuksikaping,https://sipp.pn-lubuksikaping.go.id,0,CONNECTION_REFUSED,INACCESSIBLE,Cannot connect to host sipp.pn-lubuksikaping.go.id:443 ssl:False [No address associated with hostnam
Pengadilan Negeri Batusangkar,Batusangkar,Sumatera Barat,PT Padang,batusangkar,https://sipp.pn-batusangkar.go.id,200,ACCESSIBLE,ACTIVE,
Pengadilan Negeri Solok,Kota Solok,Sumatera Barat,PT Padang,solok,https://sipp.pn-solok.go.id,200,ACCESSIBLE,ACTIVE,
Pengadilan Negeri Pariaman,Pariaman,Sumatera Barat,PT Padang,pariaman,https://sipp.pn-pariaman.go.id,403,FORBIDDEN,ACTIVE_RESTRICTED,
Pengadilan Negeri Painan,Painan,Sumatera Barat,PT Padang,painan,https://sipp.pn-painan.go.id,403,FORBIDDEN,ACTIVE_RESTRICTED,
Pengadilan Negeri Padang Panjang,Padang Panjang,Sumatera Barat,PT Padang,padangpanjang,https://sipp.pn-padangpanjang.go.id,403,FORBIDDEN,ACTIVE_RESTRICTED,
Pengadilan Negeri Lubuk Basung,Lubuk Basung,Sumatera Barat,PT Padang,lubukbasung,https://sipp.pn-lubukbasung.go.id,200,ACCESSIBLE,ACTIVE,
Pengadilan Negeri Tanjung Pati,Kab. 50 Kota,Sumatera Barat,PT Padang,tanjungpati,https://sipp.pn-tanjungpati.go.id,200,ACCESSIBLE,ACTIVE,
Pengadilan Negeri Kotobaru,Kab. Solok,Sumatera Barat,PT Padang,kotobaru,https://sipp.pn-kotobaru.go.id,200,ACCESSIBLE,ACTIVE,
Pengadilan Negeri Muaro,Muaro Sijunjung,Sumatera Barat,PT Padang,muaro,https://sipp.pn-muaro.go.id,200,ACCESSIBLE,ACTIVE,
Pengadilan Negeri Pasaman Barat,Simpang Empat,Sumatera Barat,PT Padang,pasamanbarat,https://sipp.pn-pasamanbarat.go.id,0,CONNECTION_REFUSED,INACCESSIBLE,Cannot connect to host sipp.pn-pasamanbarat.go.id:443 ssl:False [Connection reset by peer]
Pengadilan Negeri Pekanbaru,Pekanbaru,Riau,PT Pekanbaru,pekanbaru,https://sipp.pn-pekanbaru.go.id,200,ACCESSIBLE,ACTIVE,
Pengadilan Negeri Bengkalis,Bengkalis,Riau,PT Pekanbaru,bengkalis,https://sipp.pn-bengkalis.go.id,200,ACCESSIBLE,ACTIVE,
Pengadilan Negeri Rengat,Rengat,Riau,PT Pekanbaru,rengat,https://sipp.pn-rengat.go.id,200,ACCESSIBLE,ACTIVE,
Pengadilan Negeri Tembilahan,Tembilahan,Riau,PT Pekanbaru,tembilahan,https://sipp.pn-tembilahan.go.id,200,ACCESSIBLE,ACTIVE,
Pengadilan Negeri Dumai,Dumai,Riau,PT Pekanbaru,dumai,https://sipp.pn-dumai.go.id,200,ACCESSIBLE,ACTIVE,
Pengadilan Negeri Bangkinang,Bangkinang,Riau,PT Pekanbaru,bangkinang,https://sipp.pn-bangkinang.go.id,403,FORBIDDEN,ACTIVE_RESTRICTED,
Pengadilan Negeri Pasir Pengaraian,Pasir Pengaraian,Riau,PT Pekanbaru,pasirpengaraian,https://sipp.pn-pasirpengaraian.go.id,403,FORBIDDEN,ACTIVE_RESTRICTED,
Pengadilan Negeri Pelalawan,Pangkalan Kerinci,Riau,PT Pekanbaru,pelalawan,https://sipp.pn-pelalawan.go.id,200,ACCESSIBLE,ACTIVE,
Pengadilan Negeri Rokan Hilir,Ujung Tanjung,Riau,PT Pekanbaru,rokanhilir,https://sipp.pn-rokanhilir.go.id,200,ACCESSIBLE,ACTIVE,
Pengadilan Negeri Siak Sri Indrapura,Siak Sri Indrapura,Riau,PT Pekanbaru,siak,https://sipp.pn-siak.go.id,200,ACCESSIBLE,ACTIVE,
Pengadilan Negeri Tanjungpinang,Tanjungpinang,Kepulauan Riau,PT Pekanbaru,tanjungpinang,https://sipp.pn-tanjungpinang.go.id,0,CONNECTION_REFUSED,INACCESSIBLE,Cannot connect to host sipp.pn-tanjungpinang.go.id:443 ssl:False [Name or service not known]
Pengadilan Negeri Batam,Batam,Kepulauan Riau,PT Pekanbaru,batam,https://sipp.pn-batam.go.id,200,ACCESSIBLE,ACTIVE,
Pengadilan Negeri Tanjung Balai Karimun,Tanjung Balai Karimun,Kepulauan Riau,PT Pekanbaru,tanjungbalaikarimun,https://sipp.pn-tanjungbalaikarimun.go.id,200,ACCESSIBLE,ACTIVE,
Pengadilan Negeri Ranai,Ranai Natuna,Kepulauan Riau,PT Pekanbaru,ranai,https://sipp.pn-ranai.go.id,0,CONNECTION_REFUSED,INACCESSIBLE,Cannot connect to host sipp.pn-ranai.go.id:443 ssl:False [Name or service not known]
Pengadilan Negeri Jambi,Jambi,Jambi,PT Jambi,jambi,https://sipp.pn-jambi.go.id,200,ACCESSIBLE,ACTIVE,
Pengadilan Negeri Muara Bungo,Muara Bungo,Jambi,PT Jambi,muarabungo,https://sipp.pn-muarabungo.go.id,200,ACCESSIBLE,ACTIVE,
Pengadilan Negeri Kuala Tungkal,Kuala Tungkal,Jambi,PT Jambi,kualatungkal,https://sipp.pn-kualatungkal.go.id,200,ACCESSIBLE,ACTIVE,
Pengadilan Negeri Sungai Penuh,Sungai Penuh,Jambi,PT Jambi,sungaipenuh,https://sipp.pn-sungaipenuh.go.id,200,ACCESSIBLE,ACTIVE,
Pengadilan Negeri Bangko,Bangko,Jambi,PT Jambi,bangko,https://sipp.pn-bangko.go.id,200,ACCESSIBLE,ACTIVE,
Pengadilan Negeri Muara Bulian,Muara Bulian,Jambi,PT Jambi,muarabulian,https://sipp.pn-muarabulian.go.id,200,ACCESSIBLE,ACTIVE,
Pengadilan Negeri Sengeti,Muaro Jambi,Jambi,PT Jambi,sengeti,https://sipp.pn-sengeti.go.id,200,ACCESSIBLE,ACTIVE,
Pengadilan Negeri Tebo,Muara Tebo,Jambi,PT Jambi,tebo,https://sipp.pn-tebo.go.id,200,ACCESSIBLE,ACTIVE,
Pengadilan Negeri Sarolangun,Sarolangun,Jambi,PT Jambi,sarolangun,https://sipp.pn-sarolangun.go.id,403,FORBIDDEN,ACTIVE_RESTRICTED,
Pengadilan Negeri Tanjung Jabung Timur,Muara Sabak,Jambi,PT Jambi,tanjungjabungtimur,https://sipp.pn-tanjungjabungtimur.go.id,0,CONNECTION_REFUSED,INACCESSIBLE,Cannot connect to host sipp.pn-tanjungjabungtimur.go.id:443 ssl:False [Name or service not known]
Pengadilan Negeri Palembang,Palembang,Sumatera Selatan,PT Palembang,palembang,https://sipp.pn-palembang.go.id,200,ACCESSIBLE,ACTIVE,
Pengadilan Negeri Kayu Agung,Kayu Agung,Sumatera Selatan,PT Palembang,kayuagung,https://sipp.pn-kayuagung.go.id,403,FORBIDDEN,ACTIVE_RESTRICTED,
Pengadilan Negeri Lahat,Lahat,Sumatera Selatan,PT Palembang,lahat,https://sipp.pn-lahat.go.id,403,FORBIDDEN,ACTIVE_RESTRICTED,
Pengadilan Negeri Baturaja,Baturaja,Sumatera Selatan,PT Palembang,baturaja,https://sipp.pn-baturaja.go.id,200,ACCESSIBLE,ACTIVE,
Pengadilan Negeri Lubuk Linggau,Lubuk Linggau,Sumatera Selatan,PT Palembang,lubuklinggau,https://sipp.pn-lubuklinggau.go.id,403,FORBIDDEN,ACTIVE_RESTRICTED,
Pengadilan Negeri Muara Enim,Muara Enim,Sumatera Selatan,PT Palembang,muaraenim,https://sipp.pn-muaraenim.go.id,200,ACCESSIBLE,ACTIVE,
Pengadilan Negeri Sekayu,Sekayu,Sumatera Selatan,PT Palembang,sekayu,https://sipp.pn-sekayu.go.id,403,FORBIDDEN,ACTIVE_RESTRICTED,
Pengadilan Negeri Prabumulih,Prabumulih,Sumatera Selatan,PT Palembang,prabumulih,https://sipp.pn-prabumulih.go.id,403,FORBIDDEN,ACTIVE_RESTRICTED,
Pengadilan Negeri Pagaralam,Pagaralam,Sumatera Selatan,PT Palembang,pagaralam,https://sipp.pn-pagaralam.go.id,403,FORBIDDEN,ACTIVE_RESTRICTED,
Pengadilan Negeri Pangkalpinang,Pangkalpinang,Bangka Belitung,PT Palembang,pangkalpinang,https://sipp.pn-pangkalpinang.go.id,200,ACCESSIBLE,ACTIVE,
Pengadilan Negeri Sungailiat,Sungailiat,Bangka Belitung,PT Palembang,sungailiat,https://sipp.pn-sungailiat.go.id,200,ACCESSIBLE,ACTIVE,
Pengadilan Negeri Tanjungpandan,Tanjungpandan,Bangka Belitung,PT Palembang,tanjungpandan,https://sipp.pn-tanjungpandan.go.id,200,ACCESSIBLE,ACTIVE,
Pengadilan Negeri Bengkulu,Bengkulu,Bengkulu,PT Bengkulu,bengkulu,https://sipp.pn-bengkulu.go.id,403,FORBIDDEN,ACTIVE_RESTRICTED,
Pengadilan Negeri Curup,Curup,Bengkulu,PT Bengkulu,curup,https://sipp.pn-curup.go.id,200,ACCESSIBLE,ACTIVE,
Pengadilan Negeri Arga Makmur,Arga Makmur,Bengkulu,PT Bengkulu,argamakmur,https://sipp.pn-argamakmur.go.id,200,ACCESSIBLE,ACTIVE,
Pengadilan Negeri Bintuhan,Bintuhan,Bengkulu,PT Bengkulu,bintuhan,https://sipp.pn-bintuhan.go.id,200,ACCESSIBLE,ACTIVE,
Pengadilan Negeri Tais,Tais,Bengkulu,PT Bengkulu,tais,https://sipp.pn-tais.go.id,200,ACCESSIBLE,ACTIVE,
Pengadilan Negeri Kepahiang,Kepahiang,Bengkulu,PT Bengkulu,kepahiang,https://sipp.pn-kepahiang.go.id,200,ACCESSIBLE,ACTIVE,
Pengadilan Negeri Tubei,Lebong,Bengkulu,PT Bengkulu,tubei,https://sipp.pn-tubei.go.id,200,ACCESSIBLE,ACTIVE,
Pengadilan Negeri Tanjung Karang,Bandar Lampung,Lampung,PT Tanjung Karang,tanjungkarang,https://sipp.pn-tanjungkarang.go.id,200,ACCESSIBLE,ACTIVE,
Pengadilan Negeri Metro,Kota Metro,Lampung,PT Tanjung Karang,metro,https://sipp.pn-metro.go.id,200,ACCESSIBLE,ACTIVE,
Pengadilan Negeri Kotabumi,Kotabumi,Lampung,PT Tanjung Karang,kotabumi,https://sipp.pn-kotabumi.go.id,200,ACCESSIBLE,ACTIVE,
Pengadilan Negeri Kalianda,Kalianda,Lampung,PT Tanjung Karang,kalianda,https://sipp.pn-kalianda.go.id,200,ACCESSIBLE,ACTIVE,
Pengadilan Negeri Liwa,Liwa,Lampung,PT Tanjung Karang,liwa,https://sipp.pn-liwa.go.id,200,ACCESSIBLE,ACTIVE,
Pengadilan Negeri Menggala,Menggala,Lampung,PT Tanjung Karang,menggala,https://sipp.pn-menggala.go.id,200,ACCESSIBLE,ACTIVE,
Pengadilan Negeri Gunung Sugih,Gunung Sugih,Lampung,PT Tanjung Karang,gunungsugih,https://sipp.pn-gunungsugih.go.id,200,ACCESSIBLE,ACTIVE,
Pengadilan Negeri Sukadana,Sukadana,Lampung,PT Tanjung Karang,sukadana,https://sipp.pn-sukadana.go.id,200,ACCESSIBLE,ACTIVE,
Pengadilan Negeri Blambangan Umpu,Blambangan Umpu,Lampung,PT Tanjung Karang,blambangumumpu,https://sipp.pn-blambangumumpu.go.id,0,CONNECTION_REFUSED,INACCESSIBLE,Cannot connect to host sipp.pn-blambangumumpu.go.id:443 ssl:False [Name or service not known]
Pengadilan Negeri Kota Agung,Kota Agung,Lampung,PT Tanjung Karang,kotaagung,https://sipp.pn-kotaagung.go.id,200,ACCESSIBLE,ACTIVE,
Pengadilan Negeri Serang,Serang,Banten,PT Banten,serang,https://sipp.pn-serang.go.id,200,REDIRECT_NONSTANDARD,NON_STANDARD_DOMAIN,Redirected to: http://www.sipp.pn-serang.go.id/
Pengadilan Negeri Pandeglang,Pandeglang,Banten,PT Banten,pandeglang,https://sipp.pn-pandeglang.go.id,200,ACCESSIBLE,ACTIVE,
Pengadilan Negeri Rangkasbitung,Rangkasbitung,Banten,PT Banten,rangkasbitung,https://sipp.pn-rangkasbitung.go.id,200,ACCESSIBLE,ACTIVE,
Pengadilan Negeri Tangerang,Tangerang,Banten,PT Banten,tangerang,https://sipp.pn-tangerang.go.id,403,FORBIDDEN,ACTIVE_RESTRICTED,
Pengadilan Negeri Jakarta Pusat,Jakarta Pusat,DKI Jakarta,PT Jakarta,jakartapusat,https://sipp.pn-jakartapusat.go.id,200,ACCESSIBLE,ACTIVE,
Pengadilan Negeri Jakarta Barat,Jakarta Barat,DKI Jakarta,PT Jakarta,jakartabarat,https://sipp.pn-jakartabarat.go.id,403,FORBIDDEN,ACTIVE_RESTRICTED,
Pengadilan Negeri Jakarta Selatan,Jakarta Selatan,DKI Jakarta,PT Jakarta,jakartaselatan,https://sipp.pn-jakartaselatan.go.id,403,FORBIDDEN,ACTIVE_RESTRICTED,
Pengadilan Negeri Jakarta Utara,Jakarta Utara,DKI Jakarta,PT Jakarta,jakartautara,https://sipp.pn-jakartautara.go.id,200,ACCESSIBLE,ACTIVE,
Pengadilan Negeri Jakarta Timur,Jakarta Timur,DKI Jakarta,PT Jakarta,jakartatimur,https://sipp.pn-jakartatimur.go.id,502,BAD_GATEWAY,INACCESSIBLE,
Pengadilan Negeri Bandung,Bandung,Jawa Barat,PT Bandung,bandung,https://sipp.pn-bandung.go.id,403,FORBIDDEN,ACTIVE_RESTRICTED,
Pengadilan Negeri Bogor,Bogor,Jawa Barat,PT Bandung,bogor,https://sipp.pn-bogor.go.id,200,ACCESSIBLE,ACTIVE,
Pengadilan Negeri Cirebon,Cirebon,Jawa Barat,PT Bandung,cirebon,https://sipp.pn-cirebon.go.id,0,CONNECTION_REFUSED,INACCESSIBLE,Cannot connect to host sipp.pn-cirebon.go.id:443 ssl:False [Name or service not known]
Pengadilan Negeri Sukabumi,Sukabumi,Jawa Barat,PT Bandung,sukabumi,https://sipp.pn-sukabumi.go.id,0,TIMEOUT,INACCESSIBLE,
Pengadilan Negeri Bekasi,Bekasi,Jawa Barat,PT Bandung,bekasi,https://sipp.pn-bekasi.go.id,0,CONNECTION_REFUSED,INACCESSIBLE,Cannot connect to host sipp.pn-bekasi.go.id:443 ssl:False [Name or service not known]
Pengadilan Negeri Bale Bandung,Kab. Bandung,Jawa Barat,PT Bandung,balebandung,https://sipp.pn-balebandung.go.id,200,ACCESSIBLE,ACTIVE,
Pengadilan Negeri Purwakarta,Purwakarta,Jawa Barat,PT Bandung,purwakarta,https://sipp.pn-purwakarta.go.id,403,FORBIDDEN,ACTIVE_RESTRICTED,
Pengadilan Negeri Garut,Garut,Jawa Barat,PT Bandung,garut,https://sipp.pn-garut.go.id,200,ACCESSIBLE,ACTIVE,
Pengadilan Negeri Tasikmalaya,Tasikmalaya,Jawa Barat,PT Bandung,tasikmalaya,https://sipp.pn-tasikmalaya.go.id,200,ACCESSIBLE,ACTIVE,
Pengadilan Negeri Karawang,Karawang,Jawa Barat,PT Bandung,karawang,https://sipp.pn-karawang.go.id,200,ACCESSIBLE,ACTIVE,
Pengadilan Negeri Cianjur,Cianjur,Jawa Barat,PT Bandung,cianjur,https://sipp.pn-cianjur.go.id,403,FORBIDDEN,ACTIVE_RESTRICTED,
Pengadilan Negeri Indramayu,Indramayu,Jawa Barat,PT Bandung,indramayu,https://sipp.pn-indramayu.go.id,200,ACCESSIBLE,ACTIVE,
Pengadilan Negeri Sumedang,Sumedang,Jawa Barat,PT Bandung,sumedang,https://sipp.pn-sumedang.go.id,200,ACCESSIBLE,ACTIVE,
Pengadilan Negeri Majalengka,Majalengka,Jawa Barat,PT Bandung,majalengka,https://sipp.pn-majalengka.go.id,200,ACCESSIBLE,ACTIVE,
Pengadilan Negeri Ciamis,Ciamis,Jawa Barat,PT Bandung,ciamis,https://sipp.pn-ciamis.go.id,200,ACCESSIBLE,ACTIVE,
Pengadilan Negeri Kuningan,Kuningan,Jawa Barat,PT Bandung,kuningan,https://sipp.pn-kuningan.go.id,200,ACCESSIBLE,ACTIVE,
Pengadilan Negeri Subang,Subang,Jawa Barat,PT Bandung,subang,https://sipp.pn-subang.go.id,200,ACCESSIBLE,ACTIVE,
Pengadilan Negeri Cibadak,Pelabuhanratu,Jawa Barat,PT Bandung,cibadak,https://sipp.pn-cibadak.go.id,200,ACCESSIBLE,ACTIVE,
Pengadilan Negeri Sumber,"Sumber, Kab. Cirebon",Jawa Barat,PT Bandung,sumber,https://sipp.pn-sumber.go.id,200,ACCESSIBLE,ACTIVE,
Pengadilan Negeri Cibinong,Cibinong,Jawa Barat,PT Bandung,cibinong,https://sipp.pn-cibinong.go.id,200,ACCESSIBLE,ACTIVE,
Pengadilan Negeri Depok,Depok,Jawa Barat,PT Bandung,depok,https://sipp.pn-depok.go.id,200,ACCESSIBLE,ACTIVE,
Pengadilan Negeri Semarang,Semarang,Jawa Tengah,PT Semarang,semarangkota,https://sipp.pn-semarangkota.go.id,200,ACCESSIBLE,ACTIVE,
Pengadilan Negeri Surakarta,Surakarta,Jawa Tengah,PT Semarang,surakarta,https://sipp.pn-surakarta.go.id,200,ACCESSIBLE,ACTIVE,
Pengadilan Negeri Tegal,Tegal,Jawa Tengah,PT Semarang,tegal,https://sipp.pn-tegal.go.id,200,ACCESSIBLE,ACTIVE,
Pengadilan Negeri Pekalongan,Pekalongan,Jawa Tengah,PT Semarang,pekalongan,https://sipp.pn-pekalongan.go.id,200,ACCESSIBLE,ACTIVE,
Pengadilan Negeri Purwokerto,Purwokerto,Jawa Tengah,PT Semarang,purwokerto,https://sipp.pn-purwokerto.go.id,200,ACCESSIBLE,ACTIVE,
Pengadilan Negeri Magelang,Magelang,Jawa Tengah,PT Semarang,magelang,https://sipp.pn-magelang.go.id,200,ACCESSIBLE,ACTIVE,
Pengadilan Negeri Cilacap,Cilacap,Jawa Tengah,PT Semarang,cilacap,https://sipp.pn-cilacap.go.id,200,ACCESSIBLE,ACTIVE,
Pengadilan Negeri Kudus,Kudus,Jawa Tengah,PT Semarang,kudus,https://sipp.pn-kudus.go.id,200,ACCESSIBLE,ACTIVE,
Pengadilan Negeri Klaten,Klaten,Jawa Tengah,PT Semarang,klaten,https://sipp.pn-klaten.go.id,200,ACCESSIBLE,ACTIVE,
Pengadilan Negeri Pati,Pati,Jawa Tengah,PT Semarang,pati,https://sipp.pn-pati.go.id,200,ACCESSIBLE,ACTIVE,
Pengadilan Negeri Brebes,Brebes,Jawa Tengah,PT Semarang,brebes,https://sipp.pn-brebes.go.id,200,ACCESSIBLE,ACTIVE,
Pengadilan Negeri Salatiga,Salatiga,Jawa Tengah,PT Semarang,salatiga,https://sipp.pn-salatiga.go.id,200,ACCESSIBLE,ACTIVE,
Pengadilan Negeri Kebumen,Kebumen,Jawa Tengah,PT Semarang,kebumen,https://sipp.pn-kebumen.go.id,0,TIMEOUT,INACCESSIBLE,
Pengadilan Negeri Purworejo,Purworejo,Jawa Tengah,PT Semarang,purworejo,https://sipp.pn-purworejo.go.id,200,ACCESSIBLE,ACTIVE,
Pengadilan Negeri Blora,Blora,Jawa Tengah,PT Semarang,blora,https://sipp.pn-blora.go.id,200,ACCESSIBLE,ACTIVE,
Pengadilan Negeri Purwodadi,Purwodadi,Jawa Tengah,PT Semarang,purwodadi,https://sipp.pn-purwodadi.go.id,500,SERVER_ERROR,SERVER_ERROR,
Pengadilan Negeri Boyolali,Boyolali,Jawa Tengah,PT Semarang,boyolali,https://sipp.pn-boyolali.go.id,200,ACCESSIBLE,ACTIVE,
Pengadilan Negeri Ungaran,Ungaran,Jawa Tengah,PT Semarang,ungaran,https://sipp.pn-ungaran.go.id,200,ACCESSIBLE,ACTIVE,
Pengadilan Negeri Jepara,Jepara,Jawa Tengah,PT Semarang,jepara,https://sipp.pn-jepara.go.id,403,FORBIDDEN,ACTIVE_RESTRICTED,
Pengadilan Negeri Sragen,Sragen,Jawa Tengah,PT Semarang,sragen,https://sipp.pn-sragen.go.id,200,ACCESSIBLE,ACTIVE,
Pengadilan Negeri Pemalang,Pemalang,Jawa Tengah,PT Semarang,pemalang,https://sipp.pn-pemalang.go.id,200,ACCESSIBLE,ACTIVE,
Pengadilan Negeri Kendal,Kendal,Jawa Tengah,PT Semarang,kendal,https://sipp.pn-kendal.go.id,200,ACCESSIBLE,ACTIVE,
Pengadilan Negeri Demak,Demak,Jawa Tengah,PT Semarang,demak,https://sipp.pn-demak.go.id,200,ACCESSIBLE,ACTIVE,
Pengadilan Negeri Banyumas,Banyumas,Jawa Tengah,PT Semarang,banyumas,https://sipp.pn-banyumas.go.id,200,ACCESSIBLE,ACTIVE,
Pengadilan Negeri Purbalingga,Purbalingga,Jawa Tengah,PT Semarang,purbalingga,https://sipp.pn-purbalingga.go.id,0,TIMEOUT,INACCESSIBLE,
Pengadilan Negeri Banjarnegara,Banjarnegara,Jawa Tengah,PT Semarang,banjarnegara,https://sipp.pn-banjarnegara.go.id,200,ACCESSIBLE,ACTIVE,
Pengadilan Negeri Temanggung,Temanggung,Jawa Tengah,PT Semarang,temanggung,https://sipp.pn-temanggung.go.id,200,ACCESSIBLE,ACTIVE,
Pengadilan Negeri Wonosobo,Wonosobo,Jawa Tengah,PT Semarang,wonosobo,https://sipp.pn-wonosobo.go.id,200,ACCESSIBLE,ACTIVE,
Pengadilan Negeri Wonogiri,Wonogiri,Jawa Tengah,PT Semarang,wonogiri,https://sipp.pn-wonogiri.go.id,200,ACCESSIBLE,ACTIVE,
Pengadilan Negeri Rembang,Rembang,Jawa Tengah,PT Semarang,rembang,https://sipp.pn-rembang.go.id,200,ACCESSIBLE,ACTIVE,
Pengadilan Negeri Karanganyar,Karanganyar,Jawa Tengah,PT Semarang,karanganyar,https://sipp.pn-karanganyar.go.id,200,ACCESSIBLE,ACTIVE,
Pengadilan Negeri Sukoharjo,Sukoharjo,Jawa Tengah,PT Semarang,sukoharjo,https://sipp.pn-sukoharjo.go.id,200,ACCESSIBLE,ACTIVE,
Pengadilan Negeri Batang,Batang,Jawa Tengah,PT Semarang,batang,https://sipp.pn-batang.go.id,200,ACCESSIBLE,ACTIVE,
Pengadilan Negeri Slawi,Slawi,Jawa Tengah,PT Semarang,slawi,https://sipp.pn-slawi.go.id,200,ACCESSIBLE,ACTIVE,
Pengadilan Negeri Mungkid,Mungkid,Jawa Tengah,PT Semarang,mungkid,https://sipp.pn-mungkid.go.id,200,ACCESSIBLE,ACTIVE,
Pengadilan Negeri Yogyakarta,Yogyakarta,DIY Yogyakarta,PT Yogyakarta,yogyakarta,https://sipp.pn-yogyakarta.go.id,0,CONNECTION_REFUSED,INACCESSIBLE,Cannot connect to host sipp.pn-yogyakarta.go.id:443 ssl:False [Name or service not known]
Pengadilan Negeri Sleman,Sleman,DIY Yogyakarta,PT Yogyakarta,sleman,https://sipp.pn-sleman.go.id,200,ACCESSIBLE,ACTIVE,
Pengadilan Negeri Wates,Wates,DIY Yogyakarta,PT Yogyakarta,wates,https://sipp.pn-wates.go.id,403,FORBIDDEN,ACTIVE_RESTRICTED,
Pengadilan Negeri Wonosari,Wonosari,DIY Yogyakarta,PT Yogyakarta,wonosari,https://sipp.pn-wonosari.go.id,200,ACCESSIBLE,ACTIVE,
Pengadilan Negeri Bantul,Bantul,DIY Yogyakarta,PT Yogyakarta,bantul,https://sipp.pn-bantul.go.id,0,CONNECTION_REFUSED,INACCESSIBLE,Cannot connect to host sipp.pn-bantul.go.id:443 ssl:False [Connection reset by peer]
Pengadilan Negeri Surabaya,Surabaya,Jawa Timur,PT Surabaya,surabaya,https://sipp.pn-surabaya.go.id,0,CONNECTION_REFUSED,INACCESSIBLE,Cannot connect to host sipp.pn-surabaya.go.id:443 ssl:False [Name or service not known]
Pengadilan Negeri Malang,Malang,Jawa Timur,PT Surabaya,malang,https://sipp.pn-malang.go.id,200,ACCESSIBLE,ACTIVE,
Pengadilan Negeri Jember,Jember,Jawa Timur,PT Surabaya,jember,https://sipp.pn-jember.go.id,403,FORBIDDEN,ACTIVE_RESTRICTED,
Pengadilan Negeri Kediri,Kediri,Jawa Timur,PT Surabaya,kediri,https://sipp.pn-kediri.go.id,200,ACCESSIBLE,ACTIVE,
Pengadilan Negeri Kota Madiun,Madiun,Jawa Timur,PT Surabaya,madiun,https://sipp.pn-madiun.go.id,0,CONNECTION_REFUSED,INACCESSIBLE,Cannot connect to host sipp.pn-madiun.go.id:443 ssl:False [Name or service not known]
Pengadilan Negeri Bondowoso,Bondowoso,Jawa Timur,PT Surabaya,bondowoso,https://sipp.pn-bondowoso.go.id,200,ACCESSIBLE,ACTIVE,
Pengadilan Negeri Pamekasan,Pamekasan,Jawa Timur,PT Surabaya,pamekasan,https://sipp.pn-pamekasan.go.id,200,ACCESSIBLE,ACTIVE,
Pengadilan Negeri Sidoarjo,Sidoarjo,Jawa Timur,PT Surabaya,sidoarjo,https://sipp.pn-sidoarjo.go.id,200,ACCESSIBLE,ACTIVE,
Pengadilan Negeri Pasuruan,Pasuruan,Jawa Timur,PT Surabaya,pasuruan,https://sipp.pn-pasuruan.go.id,200,ACCESSIBLE,ACTIVE,
Pengadilan Negeri Bojonegoro,Bojonegoro,Jawa Timur,PT Surabaya,bojonegoro,https://sipp.pn-bojonegoro.go.id,200,ACCESSIBLE,ACTIVE,
Pengadilan Negeri Blitar,Blitar,Jawa Timur,PT Surabaya,blitar,https://sipp.pn-blitar.go.id,200,ACCESSIBLE,ACTIVE,
Pengadilan Negeri Mojokerto,Mojokerto,Jawa Timur,PT Surabaya,mojokerto,https://sipp.pn-mojokerto.go.id,200,ACCESSIBLE,ACTIVE,
Pengadilan Negeri Probolinggo,Probolinggo,Jawa Timur,PT Surabaya,probolinggo,https://sipp.pn-probolinggo.go.id,200,ACCESSIBLE,ACTIVE,
Pengadilan Negeri Lumajang,Lumajang,Jawa Timur,PT Surabaya,lumajang,https://sipp.pn-lumajang.go.id,200,ACCESSIBLE,ACTIVE,
Pengadilan Negeri Sumenep,Sumenep,Jawa Timur,PT Surabaya,sumenep,https://sipp.pn-sumenep.go.id,200,ACCESSIBLE,ACTIVE,
Pengadilan Negeri Banyuwangi,Banyuwangi,Jawa Timur,PT Surabaya,banyuwangi,https://sipp.pn-banyuwangi.go.id,0,TIMEOUT,INACCESSIBLE,
Pengadilan Negeri Ponorogo,Ponorogo,Jawa Timur,PT Surabaya,ponorogo,https://sipp.pn-ponorogo.go.id,200,ACCESSIBLE,ACTIVE,
Pengadilan Negeri Situbondo,Situbondo,Jawa Timur,PT Surabaya,situbondo,https://sipp.pn-situbondo.go.id,200,ACCESSIBLE,ACTIVE,
Pengadilan Negeri Jombang,Jombang,Jawa Timur,PT Surabaya,jombang,https://sipp.pn-jombang.go.id,200,ACCESSIBLE,ACTIVE,
Pengadilan Negeri Kraksaan,Kraksaan,Jawa Timur,PT Surabaya,kraksaan,https://sipp.pn-kraksaan.go.id,200,ACCESSIBLE,ACTIVE,
Pengadilan Negeri Bangil,Bangil,Jawa Timur,PT Surabaya,bangil,https://sipp.pn-bangil.go.id,200,ACCESSIBLE,ACTIVE,
Pengadilan Negeri Kabupaten Kediri,Kab. Kediri,Jawa Timur,PT Surabaya,kedirikab,https://sipp.pn-kedirikab.go.id,200,ACCESSIBLE,ACTIVE,
Pengadilan Negeri Pacitan,Pacitan,Jawa Timur,PT Surabaya,pacitan,https://sipp.pn-pacitan.go.id,200,ACCESSIBLE,ACTIVE,
Pengadilan Negeri Ngawi,Ngawi,Jawa Timur,PT Surabaya,ngawi,https://sipp.pn-ngawi.go.id,200,ACCESSIBLE,ACTIVE,
Pengadilan Negeri Magetan,Magetan,Jawa Timur,PT Surabaya,magetan,https://sipp.pn-magetan.go.id,200,ACCESSIBLE,ACTIVE,
Pengadilan Negeri Tulungagung,Tulungagung,Jawa Timur,PT Surabaya,tulungagung,https://sipp.pn-tulungagung.go.id,200,ACCESSIBLE,ACTIVE,
Pengadilan Negeri Nganjuk,Nganjuk,Jawa Timur,PT Surabaya,nganjuk,https://sipp.pn-nganjuk.go.id,200,ACCESSIBLE,ACTIVE,
Pengadilan Negeri Trenggalek,Trenggalek,Jawa Timur,PT Surabaya,trenggalek,https://sipp.pn-trenggalek.go.id,200,ACCESSIBLE,ACTIVE,
Pengadilan Negeri Tuban,Tuban,Jawa Timur,PT Surabaya,tuban,https://sipp.pn-tuban.go.id,200,ACCESSIBLE,ACTIVE,
Pengadilan Negeri Lamongan,Lamongan,Jawa Timur,PT Surabaya,lamongan,https://sipp.pn-lamongan.go.id,200,ACCESSIBLE,ACTIVE,
Pengadilan Negeri Gresik,Gresik,Jawa Timur,PT Surabaya,gresik,https://sipp.pn-gresik.go.id,200,ACCESSIBLE,ACTIVE,
Pengadilan Negeri Bangkalan,Bangkalan,Jawa Timur,PT Surabaya,bangkalan,https://sipp.pn-bangkalan.go.id,200,ACCESSIBLE,ACTIVE,
Pengadilan Negeri Sampang,Sampang,Jawa Timur,PT Surabaya,sampang,https://sipp.pn-sampang.go.id,200,ACCESSIBLE,ACTIVE,
Pengadilan Negeri Kabupaten Madiun,Kab. Madiun,Jawa Timur,PT Surabaya,madiunkab,https://sipp.pn-madiunkab.go.id,200,ACCESSIBLE,ACTIVE,
Pengadilan Negeri Kepanjen,Kepanjen,Jawa Timur,PT Surabaya,kepanjen,https://sipp.pn-kepanjen.go.id,200,ACCESSIBLE,ACTIVE,
Pengadilan Negeri Banjarmasin,Banjarmasin,Kalimantan Selatan,PT Banjarmasin,banjarmasin,https://sipp.pn-banjarmasin.go.id,200,ACCESSIBLE,ACTIVE,
Pengadilan Negeri Kandangan,Kandangan,Kalimantan Selatan,PT Banjarmasin,kandangan,https://sipp.pn-kandangan.go.id,403,FORBIDDEN,ACTIVE_RESTRICTED,
Pengadilan Negeri Martapura,Martapura,Kalimantan Selatan,PT Banjarmasin,martapura,https://sipp.pn-martapura.go.id,200,ACCESSIBLE,ACTIVE,
Pengadilan Negeri Barabai,Barabai,Kalimantan Selatan,PT Banjarmasin,barabai,https://sipp.pn-barabai.go.id,403,FORBIDDEN,ACTIVE_RESTRICTED,
Pengadilan Negeri Kotabaru,Kotabaru,Kalimantan Selatan,PT Banjarmasin,kotabaru,https://sipp.pn-kotabaru.go.id,403,FORBIDDEN,ACTIVE_RESTRICTED,
Pengadilan Negeri Amuntai,Amuntai,Kalimantan Selatan,PT Banjarmasin,amuntai,https://sipp.pn-amuntai.go.id,200,ACCESSIBLE,ACTIVE,
Pengadilan Negeri Tanjung,Tanjung,Kalimantan Selatan,PT Banjarmasin,tanjung,https://sipp.pn-tanjung.go.id,200,ACCESSIBLE,ACTIVE,
Pengadilan Negeri Rantau,Rantau,Kalimantan Selatan,PT Banjarmasin,rantau,https://sipp.pn-rantau.go.id,200,ACCESSIBLE,ACTIVE,
Pengadilan Negeri Marabahan,Marabahan,Kalimantan Selatan,PT Banjarmasin,marabahan,https://sipp.pn-marabahan.go.id,200,ACCESSIBLE,ACTIVE,
Pengadilan Negeri Pelaihari,Pelaihari,Kalimantan Selatan,PT Banjarmasin,pelaihari,https://sipp.pn-pelaihari.go.id,403,FORBIDDEN,ACTIVE_RESTRICTED,
Pengadilan Negeri Banjarbaru,Banjarbaru,Kalimantan Selatan,PT Banjarmasin,banjarbaru,https://sipp.pn-banjarbaru.go.id,403,FORBIDDEN,ACTIVE_RESTRICTED,
Pengadilan Negeri Batulicin,Batulicin,Kalimantan Selatan,PT Banjarmasin,batulicin,https://sipp.pn-batulicin.go.id,200,ACCESSIBLE,ACTIVE,
Pengadilan Negeri Palangka Raya,Palangka Raya,Kalimantan Tengah,PT Palangka Raya,palangkaraya,https://sipp.pn-palangkaraya.go.id,403,FORBIDDEN,ACTIVE_RESTRICTED,
Pengadilan Negeri Sampit,Sampit,Kalimantan Tengah,PT Palangka Raya,sampit,https://sipp.pn-sampit.go.id,200,ACCESSIBLE,ACTIVE,
Pengadilan Negeri Pangkalan Bun,Pangkalan Bun,Kalimantan Tengah,PT Palangka Raya,pangkalanbun,https://sipp.pn-pangkalanbun.go.id,200,ACCESSIBLE,ACTIVE,
Pengadilan Negeri Kuala Kapuas,Kuala Kapuas,Kalimantan Tengah,PT Palangka Raya,kualakapuas,https://sipp.pn-kualakapuas.go.id,200,ACCESSIBLE,ACTIVE,
Pengadilan Negeri Muara Teweh,Muara Teweh,Kalimantan Tengah,PT Palangka Raya,muarateweh,https://sipp.pn-muarateweh.go.id,200,ACCESSIBLE,ACTIVE,
Pengadilan Negeri Buntok,Buntok,Kalimantan Tengah,PT Palangka Raya,buntok,https://sipp.pn-buntok.go.id,200,ACCESSIBLE,ACTIVE,
Pengadilan Negeri Tamiang Layang,Tamiang Layang,Kalimantan Tengah,PT Palangka Raya,tamianglayang,https://sipp.pn-tamianglayang.go.id,200,ACCESSIBLE,ACTIVE,
Pengadilan Negeri Kasongan,Kasongan,Kalimantan Tengah,PT Palangka Raya,kasongan,https://sipp.pn-kasongan.go.id,200,ACCESSIBLE,ACTIVE,
Pengadilan Negeri Pontianak,Pontianak,Kalimantan Barat,PT Pontianak,pontianak,https://sipp.pn-pontianak.go.id,200,ACCESSIBLE,ACTIVE,
Pengadilan Negeri Singkawang,Singkawang,Kalimantan Barat,PT Pontianak,singkawang,https://sipp.pn-singkawang.go.id,200,ACCESSIBLE,ACTIVE,
Pengadilan Negeri Sintang,Sintang,Kalimantan Barat,PT Pontianak,sintang,https://sipp.pn-sintang.go.id,200,ACCESSIBLE,ACTIVE,
Pengadilan Negeri Ketapang,Ketapang,Kalimantan Barat,PT Pontianak,ketapang,https://sipp.pn-ketapang.go.id,200,ACCESSIBLE,ACTIVE,
Pengadilan Negeri Mempawah,Mempawah,Kalimantan Barat,PT Pontianak,mempawah,https://sipp.pn-mempawah.go.id,200,ACCESSIBLE,ACTIVE,
Pengadilan Negeri Sanggau,Sanggau,Kalimantan Barat,PT Pontianak,sanggau,https://sipp.pn-sanggau.go.id,200,ACCESSIBLE,ACTIVE,
Pengadilan Negeri Putussibau,Putussibau,Kalimantan Barat,PT Pontianak,putussibau,https://sipp.pn-putussibau.go.id,200,ACCESSIBLE,ACTIVE,
Pengadilan Negeri Sambas,Sambas,Kalimantan Barat,PT Pontianak,sambas,https://sipp.pn-sambas.go.id,200,ACCESSIBLE,ACTIVE,
Pengadilan Negeri Bengkayang,Bengkayang,Kalimantan Barat,PT Pontianak,bengkayang,https://sipp.pn-bengkayang.go.id,200,ACCESSIBLE,ACTIVE,
Pengadilan Negeri Samarinda,Samarinda,Kalimantan Timur,PT Samarinda,samarinda,https://sipp.pn-samarinda.go.id,200,ACCESSIBLE,ACTIVE,
Pengadilan Negeri Balikpapan,Balikpapan,Kalimantan Timur,PT Samarinda,balikpapan,https://sipp.pn-balikpapan.go.id,200,ACCESSIBLE,ACTIVE,
Pengadilan Negeri Tenggarong,Tenggarong,Kalimantan Timur,PT Samarinda,tenggarong,https://sipp.pn-tenggarong.go.id,200,ACCESSIBLE,ACTIVE,
Pengadilan Negeri Tanah Grogot,Tanah Grogot,Kalimantan Timur,PT Samarinda,tanahgrogot,https://sipp.pn-tanahgrogot.go.id,200,ACCESSIBLE,ACTIVE,
Pengadilan Negeri Tanjung Redeb,Tanjung Redeb,Kalimantan Timur,PT Samarinda,tanjungredeb,https://sipp.pn-tanjungredeb.go.id,403,FORBIDDEN,ACTIVE_RESTRICTED,
Pengadilan Negeri Sangatta,Sangatta,Kalimantan Timur,PT Samarinda,sangatta,https://sipp.pn-sangatta.go.id,403,FORBIDDEN,ACTIVE_RESTRICTED,
Pengadilan Negeri Bontang,Bontang,Kalimantan Timur,PT Samarinda,bontang,https://sipp.pn-bontang.go.id,200,ACCESSIBLE,ACTIVE,
Pengadilan Negeri Kutai Barat,Kab. Kutai Barat,Kalimantan Timur,PT Samarinda,kutaibarat,https://sipp.pn-kutaibarat.go.id,0,CONNECTION_REFUSED,INACCESSIBLE,Cannot connect to host sipp.pn-kutaibarat.go.id:443 ssl:False [Name or service not known]
Pengadilan Negeri Tarakan,Tarakan,Kalimantan Utara,PT Samarinda,tarakan,https://sipp.pn-tarakan.go.id,200,ACCESSIBLE,ACTIVE,
Pengadilan Negeri Nunukan,Nunukan,Kalimantan Utara,PT Samarinda,nunukan,https://sipp.pn-nunukan.go.id,200,ACCESSIBLE,ACTIVE,
Pengadilan Negeri Malinau,Malinau,Kalimantan Utara,PT Samarinda,malinau,https://sipp.pn-malinau.go.id,403,FORBIDDEN,ACTIVE_RESTRICTED,
Pengadilan Negeri Tanjung Selor,Tanjung Selor,Kalimantan Utara,PT Samarinda,tanjungselor,https://sipp.pn-tanjungselor.go.id,200,ACCESSIBLE,ACTIVE,
Pengadilan Negeri Manado,Manado,Sulawesi Utara,PT Manado,manado,https://sipp.pn-manado.go.id,200,ACCESSIBLE,ACTIVE,
Pengadilan Negeri Tondano,Tondano,Sulawesi Utara,PT Manado,tondano,https://sipp.pn-tondano.go.id,200,ACCESSIBLE,ACTIVE,
Pengadilan Negeri Tahuna,Tahuna,Sulawesi Utara,PT Manado,tahuna,https://sipp.pn-tahuna.go.id,200,ACCESSIBLE,ACTIVE,
Pengadilan Negeri Kotamobagu,Kotamobagu,Sulawesi Utara,PT Manado,kotamobagu,https://sipp.pn-kotamobagu.go.id,403,FORBIDDEN,ACTIVE_RESTRICTED,
Pengadilan Negeri Bitung,Bitung,Sulawesi Utara,PT Manado,bitung,https://sipp.pn-bitung.go.id,200,ACCESSIBLE,ACTIVE,
Pengadilan Negeri Airmadidi,Airmadidi,Sulawesi Utara,PT Manado,airmadidi,https://sipp.pn-airmadidi.go.id,200,ACCESSIBLE,ACTIVE,
Pengadilan Negeri Amurang,Amurang,Sulawesi Utara,PT Manado,amurang,https://sipp.pn-amurang.go.id,200,ACCESSIBLE,ACTIVE,
Pengadilan Negeri Gorontalo,Gorontalo,Gorontalo,PT Gorontalo,gorontalo,https://sipp.pn-gorontalo.go.id,200,ACCESSIBLE,ACTIVE,
Pengadilan Negeri Limboto,Limboto,Gorontalo,PT Gorontalo,limboto,https://sipp.pn-limboto.go.id,200,REDIRECT_NONSTANDARD,NON_STANDARD_DOMAIN,Redirected to: http://pn-limboto.go.id/index.php
Pengadilan Negeri Tilamuta,Tilamuta,Gorontalo,PT Gorontalo,tilamuta,https://sipp.pn-tilamuta.go.id,200,ACCESSIBLE,ACTIVE,
Pengadilan Negeri Marisa,Marisa,Gorontalo,PT Gorontalo,marisa,https://sipp.pn-marisa.go.id,200,ACCESSIBLE,ACTIVE,
Pengadilan Negeri Palu,Palu,Sulawesi Tengah,PT Palu,palu,https://sipp.pn-palu.go.id,200,ACCESSIBLE,ACTIVE,
Pengadilan Negeri Poso,Poso,Sulawesi Tengah,PT Palu,poso,https://sipp.pn-poso.go.id,200,ACCESSIBLE,ACTIVE,
Pengadilan Negeri Luwuk,Luwuk,Sulawesi Tengah,PT Palu,luwuk,https://sipp.pn-luwuk.go.id,0,CONNECTION_REFUSED,INACCESSIBLE,Cannot connect to host sipp.pn-luwuk.go.id:443 ssl:False [Name or service not known]
Pengadilan Negeri Tolitoli,Tolitoli,Sulawesi Tengah,PT Palu,tolitoli,https://sipp.pn-tolitoli.go.id,200,ACCESSIBLE,ACTIVE,
Pengadilan Negeri Donggala,Donggala,Sulawesi Tengah,PT Palu,donggala,https://sipp.pn-donggala.go.id,200,ACCESSIBLE,ACTIVE,
Pengadilan Negeri Buol,Buol,Sulawesi Tengah,PT Palu,buol,https://sipp.pn-buol.go.id,200,ACCESSIBLE,ACTIVE,
Pengadilan Negeri Parigi,Parigi,Sulawesi Tengah,PT Palu,parigi,https://sipp.pn-parigi.go.id,200,ACCESSIBLE,ACTIVE,
Pengadilan Negeri Makassar,Makassar,Sulawesi Selatan,PT Makassar,makassar,https://sipp.pn-makassar.go.id,403,FORBIDDEN,ACTIVE_RESTRICTED,
Pengadilan Negeri Parepare,Parepare,Sulawesi Selatan,PT Makassar,parepare,https://sipp.pn-parepare.go.id,200,ACCESSIBLE,ACTIVE,
Pengadilan Negeri Sungguminasa,Sungguminasa,Sulawesi Selatan,PT Makassar,sungguminasa,https://sipp.pn-sungguminasa.go.id,403,FORBIDDEN,ACTIVE_RESTRICTED,
Pengadilan Negeri Maros,Maros,Sulawesi Selatan,PT Makassar,maros,https://sipp.pn-maros.go.id,403,FORBIDDEN,ACTIVE_RESTRICTED,
Pengadilan Negeri Bantaeng,Bantaeng,Sulawesi Selatan,PT Makassar,bantaeng,https://sipp.pn-bantaeng.go.id,200,ACCESSIBLE,ACTIVE,
Pengadilan Negeri Watampone,Watampone,Sulawesi Selatan,PT Makassar,watampone,https://sipp.pn-watampone.go.id,200,ACCESSIBLE,ACTIVE,
Pengadilan Negeri Palopo,Palopo,Sulawesi Selatan,PT Makassar,palopo,https://sipp.pn-palopo.go.id,200,ACCESSIBLE,ACTIVE,
Pengadilan Negeri Watansoppeng,Watansoppeng,Sulawesi Selatan,PT Makassar,watansoppeng,https://sipp.pn-watansoppeng.go.id,200,ACCESSIBLE,ACTIVE,
Pengadilan Negeri Sengkang,Sengkang,Sulawesi Selatan,PT Makassar,sengkang,https://sipp.pn-sengkang.go.id,200,ACCESSIBLE,ACTIVE,
Pengadilan Negeri Makale,Makale,Sulawesi Selatan,PT Makassar,makale,https://sipp.pn-makale.go.id,200,ACCESSIBLE,ACTIVE,
Pengadilan Negeri Bulukumba,Bulukumba,Sulawesi Selatan,PT Makassar,bulukumba,https://sipp.pn-bulukumba.go.id,200,ACCESSIBLE,ACTIVE,
Pengadilan Negeri Enrekang,Enrekang,Sulawesi Selatan,PT Makassar,enrekang,https://sipp.pn-enrekang.go.id,200,ACCESSIBLE,ACTIVE,
Pengadilan Negeri Pangkajene,Pangkajene,Sulawesi Selatan,PT Makassar,pangkajene,https://sipp.pn-pangkajene.go.id,200,ACCESSIBLE,ACTIVE,
Pengadilan Negeri Sidenreng Rappang,Sindenreng Rappang,Sulawesi Selatan,PT Makassar,sidrap,https://sipp.pn-sidrap.go.id,200,ACCESSIBLE,ACTIVE,
Pengadilan Negeri Takalar,Takalar,Sulawesi Selatan,PT Makassar,takalar,https://sipp.pn-takalar.go.id,200,ACCESSIBLE,ACTIVE,
Pengadilan Negeri Selayar,Benteng Selayar,Sulawesi Selatan,PT Makassar,selayar,https://sipp.pn-selayar.go.id,200,ACCESSIBLE,ACTIVE,
Pengadilan Negeri Jeneponto,Jeneponto,Sulawesi Selatan,PT Makassar,jeneponto,https://sipp.pn-jeneponto.go.id,200,ACCESSIBLE,ACTIVE,
Pengadilan Negeri Sinjai,Sinjai,Sulawesi Selatan,PT Makassar,sinjai,https://sipp.pn-sinjai.go.id,200,ACCESSIBLE,ACTIVE,
Pengadilan Negeri Barru,Barru,Sulawesi Selatan,PT Makassar,barru,https://sipp.pn-barru.go.id,403,FORBIDDEN,ACTIVE_RESTRICTED,
Pengadilan Negeri Pinrang,Pinrang,Sulawesi Selatan,PT Makassar,pinrang,https://sipp.pn-pinrang.go.id,200,ACCESSIBLE,ACTIVE,
Pengadilan Negeri Masamba,Masamba,Sulawesi Selatan,PT Makassar,masamba,https://sipp.pn-masamba.go.id,200,ACCESSIBLE,ACTIVE,
Pengadilan Negeri Malili,Malili,Sulawesi Selatan,PT Makassar,malili,https://sipp.pn-malili.go.id,200,ACCESSIBLE,ACTIVE,
Pengadilan Negeri Mamuju,Mamuju,Sulawesi Barat,PT Makassar,mamuju,https://sipp.pn-mamuju.go.id,200,ACCESSIBLE,ACTIVE,
Pengadilan Negeri Majene,Majene,Sulawesi Barat,PT Makassar,majene,https://sipp.pn-majene.go.id,200,ACCESSIBLE,ACTIVE,
Pengadilan Negeri Polewali,Polewali,Sulawesi Barat,PT Makassar,polewali,https://sipp.pn-polewali.go.id,200,ACCESSIBLE,ACTIVE,
Pengadilan Negeri Pasangkayu,Pasangkayu,Sulawesi Barat,PT Makassar,pasangkayu,https://sipp.pn-pasangkayu.go.id,200,ACCESSIBLE,ACTIVE,
Pengadilan Negeri Kendari,Kendari,Sulawesi Tenggara,PT Kendari,kendari,https://sipp.pn-kendari.go.id,200,ACCESSIBLE,ACTIVE,
Pengadilan Negeri Bau-Bau,Baubau,Sulawesi Tenggara,PT Kendari,baubau,https://sipp.pn-baubau.go.id,0,CONNECTION_REFUSED,INACCESSIBLE,Cannot connect to host sipp.pn-baubau.go.id:443 ssl:False [Name or service not known]
Pengadilan Negeri Raha,Raha,Sulawesi Tenggara,PT Kendari,raha,https://sipp.pn-raha.go.id,200,ACCESSIBLE,ACTIVE,
Pengadilan Negeri Kolaka,Kolaka,Sulawesi Tenggara,PT Kendari,kolaka,https://sipp.pn-kolaka.go.id,200,ACCESSIBLE,ACTIVE,
Pengadilan Negeri Unaaha,Unaaha,Sulawesi Tenggara,PT Kendari,unaaha,https://sipp.pn-unaaha.go.id,200,ACCESSIBLE,ACTIVE,
Pengadilan Negeri Andoolo,Andoolo,Sulawesi Tenggara,PT Kendari,andoolo,https://sipp.pn-andoolo.go.id,200,ACCESSIBLE,ACTIVE,
Pengadilan Negeri Pasarwajo,Pasarwajo,Sulawesi Tenggara,PT Kendari,pasarwajo,https://sipp.pn-pasarwajo.go.id,403,FORBIDDEN,ACTIVE_RESTRICTED,
Pengadilan Negeri Denpasar,Denpasar,Bali,PT Denpasar,denpasar,https://sipp.pn-denpasar.go.id,200,ACCESSIBLE,ACTIVE,
Pengadilan Negeri Singaraja,Singaraja,Bali,PT Denpasar,singaraja,https://sipp.pn-singaraja.go.id,500,SERVER_ERROR,SERVER_ERROR,
Pengadilan Negeri Semarapura,Semarapura,Bali,PT Denpasar,semarapura,https://sipp.pn-semarapura.go.id,200,ACCESSIBLE,ACTIVE,
Pengadilan Negeri Negara,Negara,Bali,PT Denpasar,negara,https://sipp.pn-negara.go.id,403,FORBIDDEN,ACTIVE_RESTRICTED,
Pengadilan Negeri Amlapura,Amlapura,Bali,PT Denpasar,amlapura,https://sipp.pn-amlapura.go.id,200,ACCESSIBLE,ACTIVE,
Pengadilan Negeri Tabanan,Tabanan,Bali,PT Denpasar,tabanan,https://sipp.pn-tabanan.go.id,403,FORBIDDEN,ACTIVE_RESTRICTED,
Pengadilan Negeri Gianyar,Gianyar,Bali,PT Denpasar,gianyar,https://sipp.pn-gianyar.go.id,200,ACCESSIBLE,ACTIVE,
Pengadilan Negeri Bangli,Bangli,Bali,PT Denpasar,bangli,https://sipp.pn-bangli.go.id,200,ACCESSIBLE,ACTIVE,
Pengadilan Negeri Mataram,Mataram,NTB,PT Mataram,mataram,https://sipp.pn-mataram.go.id,200,ACCESSIBLE,ACTIVE,
Pengadilan Negeri Sumbawa Besar,Sumbawa Besar,NTB,PT Mataram,sumbawabesar,https://sipp.pn-sumbawabesar.go.id,200,ACCESSIBLE,ACTIVE,
Pengadilan Negeri Raba Bima,Raba Bima,NTB,PT Mataram,rabibima,https://sipp.pn-rabibima.go.id,0,CONNECTION_REFUSED,INACCESSIBLE,Cannot connect to host sipp.pn-rabibima.go.id:443 ssl:False [Name or service not known]
Pengadilan Negeri Selong,Selong,NTB,PT Mataram,selong,https://sipp.pn-selong.go.id,200,ACCESSIBLE,ACTIVE,
Pengadilan Negeri Dompu,Dompu,NTB,PT Mataram,dompu,https://sipp.pn-dompu.go.id,200,ACCESSIBLE,ACTIVE,
Pengadilan Negeri Praya,Praya,NTB,PT Mataram,praya,https://sipp.pn-praya.go.id,200,ACCESSIBLE,ACTIVE,
Pengadilan Negeri Kupang,Kupang,NTT,PT Kupang,kupang,https://sipp.pn-kupang.go.id,200,ACCESSIBLE,ACTIVE,
Pengadilan Negeri Ende,Ende,NTT,PT Kupang,ende,https://sipp.pn-ende.go.id,200,ACCESSIBLE,ACTIVE,
Pengadilan Negeri Larantuka,Larantuka,NTT,PT Kupang,larantuka,https://sipp.pn-larantuka.go.id,200,ACCESSIBLE,ACTIVE,
Pengadilan Negeri Soe,Soe,NTT,PT Kupang,soe,https://sipp.pn-soe.go.id,200,ACCESSIBLE,ACTIVE,
Pengadilan Negeri Waingapu,Waingapu,NTT,PT Kupang,waingapu,https://sipp.pn-waingapu.go.id,200,ACCESSIBLE,ACTIVE,
Pengadilan Negeri Maumere,Maumere,NTT,PT Kupang,maumere,https://sipp.pn-maumere.go.id,200,ACCESSIBLE,ACTIVE,
Pengadilan Negeri Ruteng,Ruteng,NTT,PT Kupang,ruteng,https://sipp.pn-ruteng.go.id,200,ACCESSIBLE,ACTIVE,
Pengadilan Negeri Kefamenanu,Kefamenanu,NTT,PT Kupang,kefamenanu,https://sipp.pn-kefamenanu.go.id,200,ACCESSIBLE,ACTIVE,
Pengadilan Negeri Waikabubak,Waikabubak,NTT,PT Kupang,waikabubak,https://sipp.pn-waikabubak.go.id,200,ACCESSIBLE,ACTIVE,
Pengadilan Negeri Atambua,Atambua,NTT,PT Kupang,atambua,https://sipp.pn-atambua.go.id,200,ACCESSIBLE,ACTIVE,
Pengadilan Negeri Bajawa,Bajawa,NTT,PT Kupang,bajawa,https://sipp.pn-bajawa.go.id,0,CONNECTION_REFUSED,INACCESSIBLE,Cannot connect to host sipp.pn-bajawa.go.id:443 ssl:False [Connection reset by peer]
Pengadilan Negeri Kalabahi,Kalabahi,NTT,PT Kupang,kalabahi,https://sipp.pn-kalabahi.go.id,200,ACCESSIBLE,ACTIVE,
Pengadilan Negeri Lembata,Lembata,NTT,PT Kupang,lembata,https://sipp.pn-lembata.go.id,200,ACCESSIBLE,ACTIVE,
Pengadilan Negeri Rote Ndao,Baa,NTT,PT Kupang,rotendao,https://sipp.pn-rotendao.go.id,200,ACCESSIBLE,ACTIVE,
Pengadilan Negeri Labuan Bajo,Labuan Bajo,NTT,PT Kupang,labuanbajo,https://sipp.pn-labuanbajo.go.id,200,ACCESSIBLE,ACTIVE,
Pengadilan Negeri Oelamasi,Oelamasi,NTT,PT Kupang,oelamasi,https://sipp.pn-oelamasi.go.id,200,ACCESSIBLE,ACTIVE,
Pengadilan Negeri Ambon,Ambon,Maluku,PT Ambon,ambon,https://sipp.pn-ambon.go.id,200,ACCESSIBLE,ACTIVE,
Pengadilan Negeri Masohi,Masohi,Maluku,PT Ambon,masohi,https://sipp.pn-masohi.go.id,500,SERVER_ERROR,SERVER_ERROR,
Pengadilan Negeri Tual,Tual,Maluku,PT Ambon,tual,https://sipp.pn-tual.go.id,200,ACCESSIBLE,ACTIVE,
Pengadilan Negeri Saumlaki,Saumlaki,Maluku,PT Ambon,saumlaki,https://sipp.pn-saumlaki.go.id,200,ACCESSIBLE,ACTIVE,
Pengadilan Negeri Soasio,Soasio,Maluku Utara,PT Ambon,soasio,https://sipp.pn-soasio.go.id,200,ACCESSIBLE,ACTIVE,
Pengadilan Negeri Ternate,Ternate,Maluku Utara,PT Ternate,ternate,https://sipp.pn-ternate.go.id,200,ACCESSIBLE,ACTIVE,
Pengadilan Negeri Labuha,Labuha,Maluku Utara,PT Ternate,labuha,https://sipp.pn-labuha.go.id,200,ACCESSIBLE,ACTIVE,
Pengadilan Negeri Tobelo,Tobelo,Maluku Utara,PT Ternate,tobelo,https://sipp.pn-tobelo.go.id,200,ACCESSIBLE,ACTIVE,
Pengadilan Negeri Jayapura,Jayapura,Papua,PT Jayapura,jayapura,https://sipp.pn-jayapura.go.id,200,ACCESSIBLE,ACTIVE,
Pengadilan Negeri Merauke,Merauke,Papua,PT Jayapura,merauke,https://sipp.pn-merauke.go.id,200,ACCESSIBLE,ACTIVE,
Pengadilan Negeri Biak,Biak,Papua,PT Jayapura,biak,https://sipp.pn-biak.go.id,200,ACCESSIBLE,ACTIVE,
Pengadilan Negeri Wamena,Wamena,Papua,PT Jayapura,wamena,https://sipp.pn-wamena.go.id,200,ACCESSIBLE,ACTIVE,
Pengadilan Negeri Nabire,Nabire,Papua,PT Jayapura,nabire,https://sipp.pn-nabire.go.id,200,ACCESSIBLE,ACTIVE,
Pengadilan Negeri Serui,Serui,Papua,PT Jayapura,serui,https://sipp.pn-serui.go.id,200,ACCESSIBLE,ACTIVE,
Pengadilan Negeri Kota Timika,Timika,Papua,PT Jayapura,timika,https://sipp.pn-timika.go.id,0,CONNECTION_REFUSED,INACCESSIBLE,Cannot connect to host sipp.pn-timika.go.id:443 ssl:False [Name or service not known]
Pengadilan Negeri Sorong,Sorong,Papua Barat,PT Manokwari,sorong,https://sipp.pn-sorong.go.id,200,ACCESSIBLE,ACTIVE,
Pengadilan Negeri Fakfak,Fakfak,Papua Barat,PT Manokwari,fakfak,https://sipp.pn-fakfak.go.id,200,ACCESSIBLE,ACTIVE,
Pengadilan Negeri Manokwari,Manokwari,Papua Barat,PT Manokwari,manokwari,https://sipp.pn-manokwari.go.id,500,SERVER_ERROR,SERVER_ERROR,
